data-cosecha_manual-actividad1-informacion_m-cultivo,data-cosecha_manual-actividad1-informacion_m-realizo_actividad,data-cosecha_manual-actividad1-informacion_m-fecha,data-cosecha_manual-actividad1-realizada,data-cosecha_manual-actividad1-otra_actividad,data-cosecha_manual-actividad1-utilizo_implemento,data-cosecha_manual-actividad1-mas_de_un_implemento-numero_implementos,data-cosecha_manual-actividad1-mas_de_un_implemento-implemento_utilizado,data-cosecha_manual-actividad1-jornal-numero_personas_participaron,data-cosecha_manual-actividad1-jornal-costo_dia,data-cosecha_manual-actividad1-jornal-jornadas_utilizadas,data-cosecha_manual-actividad1-jornal-duracion,data-cosecha_manual-actividad1-jornal-tipo_costo,data-cosecha_manual-actividad1-descripcion1,PARENT_KEY,KEY
Papa, ,22/06/21,cosecha, ,si,1,otro,5,30,5,8,estimado,Lampilla,uuid:3898e5c7-e29e-4179-aeca-5fd157b79dea,uuid:3898e5c7-e29e-4179-aeca-5fd157b79dea/actividad1[1]
Papa,si,28/06/21,acarreo, ,no, , ,4,30,1,8,estimado,Sin nivedades,uuid:3898e5c7-e29e-4179-aeca-5fd157b79dea,uuid:3898e5c7-e29e-4179-aeca-5fd157b79dea/actividad1[2]
Papa,si,21/05/21,corte, ,si,1,hoz,2,30,2,8,estimado,Corte de tallo,uuid:323a4290-6e7b-43cd-9fb1-5bb843896d6e,uuid:323a4290-6e7b-43cd-9fb1-5bb843896d6e/actividad1[1]
Papa,si,21/06/21,cosecha, ,si,1,otro,7,30,2,8,estimado,Sin novedad,uuid:323a4290-6e7b-43cd-9fb1-5bb843896d6e,uuid:323a4290-6e7b-43cd-9fb1-5bb843896d6e/actividad1[2]
Papa,no,23/06/21,acarreo, ,no, , ,4,20,4,4,estimado,Sin novedad,uuid:323a4290-6e7b-43cd-9fb1-5bb843896d6e,uuid:323a4290-6e7b-43cd-9fb1-5bb843896d6e/actividad1[3]
Papa,si,25/06/21,cosecha, ,si,1,otro,4,30,8,8,estimado,Sin novedad,uuid:36c1e69a-f0a5-4905-9d3b-a193717cd632,uuid:36c1e69a-f0a5-4905-9d3b-a193717cd632/actividad1[1]
Papa,si,26/06/21,acarreo, ,no, , ,4,10,4,2,estimado,Se paga el traslado 1 sol por saco,uuid:36c1e69a-f0a5-4905-9d3b-a193717cd632,uuid:36c1e69a-f0a5-4905-9d3b-a193717cd632/actividad1[2]
Papa,si,15/06/21,cosecha, ,si,1,otro,5,30,3,8,estimado,No se avanzó por ser papas pequeñas,uuid:120d969a-6927-43dc-9137-44edffc3cd9e,uuid:120d969a-6927-43dc-9137-44edffc3cd9e/actividad1[1]
Papa,si,20/06/21,acarreo, ,no, , ,2,30,2,5,estimado,Se utilizó  camioneta para el acarreo,uuid:120d969a-6927-43dc-9137-44edffc3cd9e,uuid:120d969a-6927-43dc-9137-44edffc3cd9e/actividad1[2]
Papa,si,28/06/21,cosecha, ,si,1,otro,2,30,6,8,estimado,Sin novedad,uuid:016ba68d-cf41-4c37-aca3-952351ff3aeb,uuid:016ba68d-cf41-4c37-aca3-952351ff3aeb/actividad1[1]
Papa,si,30/06/21,acarreo, ,no, , ,2,30,2,5,estimado,El acarreo lo realiza al hombro,uuid:016ba68d-cf41-4c37-aca3-952351ff3aeb,uuid:016ba68d-cf41-4c37-aca3-952351ff3aeb/actividad1[2]
Papa,si,21/06/21,cosecha, ,si,1,otro,4,30,3,6,estimado,Sin novedad,uuid:089fcf22-2892-4953-84bd-8226c037c1e9,uuid:089fcf22-2892-4953-84bd-8226c037c1e9/actividad1[1]
Papa,si,26/06/21,acarreo, ,no, , ,3,30,3,6,estimado,También se empleó movilidad,uuid:089fcf22-2892-4953-84bd-8226c037c1e9,uuid:089fcf22-2892-4953-84bd-8226c037c1e9/actividad1[2]
Papa,si,28/06/21,cosecha, ,si,1,otro,6,30,2,8,estimado,La cosecha lo realizan de acuerdo como van consumiendo los animales,uuid:e2cee274-e325-45e1-b7b7-89ef107cac11,uuid:e2cee274-e325-45e1-b7b7-89ef107cac11/actividad1[1]
Papa,si,28/06/21,acarreo, ,no, , ,3,30,3,5,estimado,Se paga 1.5 soles por saco para cargar a la movilidad,uuid:e2cee274-e325-45e1-b7b7-89ef107cac11,uuid:e2cee274-e325-45e1-b7b7-89ef107cac11/actividad1[2]
Papa,si,10/06/21,cosecha, ,si,1,otro,16,30,2,8,estimado,Sin novedad,uuid:cf70b570-e01b-46b5-8422-d336c776807b,uuid:cf70b570-e01b-46b5-8422-d336c776807b/actividad1[1]
Papa,si,11/06/21,acarreo, ,no, , ,3,30,3,4,estimado,Se realizó con la ayuda de movilidad,uuid:cf70b570-e01b-46b5-8422-d336c776807b,uuid:cf70b570-e01b-46b5-8422-d336c776807b/actividad1[2]
Papa,si,24/06/21,cosecha, ,si,1,otro,8,30,4,8,estimado,Sin novedad,uuid:0bba722a-3bbb-4dff-ae8c-aa67cf43c20c,uuid:0bba722a-3bbb-4dff-ae8c-aa67cf43c20c/actividad1[1]
Papa,si,26/06/21,acarreo, ,no, , ,3,30,3,6,estimado,Se realizo con ayuda de vestias,uuid:0bba722a-3bbb-4dff-ae8c-aa67cf43c20c,uuid:0bba722a-3bbb-4dff-ae8c-aa67cf43c20c/actividad1[2]
Papa,si,22/06/21,cosecha, ,si,1,otro,4,30,2,8,estimado, ,uuid:fe46130f-9195-4def-a9b5-ccc6957a159f,uuid:fe46130f-9195-4def-a9b5-ccc6957a159f/actividad1[1]
Papa,si,26/06/21,acarreo, ,no, , ,2,30,2,8,estimado,Utilizaron vestias,uuid:fe46130f-9195-4def-a9b5-ccc6957a159f,uuid:fe46130f-9195-4def-a9b5-ccc6957a159f/actividad1[2]
Papa,si,02/06/21,cosecha, ,si,1,otro,4,30,1,8,estimado, ,uuid:a31e215f-2212-4270-8ac8-fa22184fb8a0,uuid:a31e215f-2212-4270-8ac8-fa22184fb8a0/actividad1[1]
Papa,si,05/06/21,acarreo, ,no, , ,3,30,3,8,estimado,Hicieron uso de vestias,uuid:a31e215f-2212-4270-8ac8-fa22184fb8a0,uuid:a31e215f-2212-4270-8ac8-fa22184fb8a0/actividad1[2]
Papa,si,08/06/21,cosecha, ,si,1,otro,5,30,30,8,estimado, ,uuid:3b3fea83-1025-4125-80a3-5ef5a6f3f597,uuid:3b3fea83-1025-4125-80a3-5ef5a6f3f597/actividad1[1]
Papa,si,12/06/21,acarreo, ,no, , ,3,30,3,16,estimado,Utilizaron vestias,uuid:3b3fea83-1025-4125-80a3-5ef5a6f3f597,uuid:3b3fea83-1025-4125-80a3-5ef5a6f3f597/actividad1[2]
Papa,si,05/06/21,cosecha, ,no, , ,4,30,3,8,estimado,Se cosecha y de pago se da papas,uuid:d6a8c4da-4e51-469b-baa1-0e26338c94f0,uuid:d6a8c4da-4e51-469b-baa1-0e26338c94f0/actividad1[1]
Papa,si,24/07/21,acarreo, ,no, , ,3,30,4,0,estimado,Cosecha realizada por la familia,uuid:b937a4e1-aa66-4469-9585-4274dceead37,uuid:b937a4e1-aa66-4469-9585-4274dceead37/actividad1[1]
Papa,si,20/05/21,corte_follaje, ,si,1,hoz,1,30,3,8,estimado,Corto tallo para acelerar maduración,uuid:48fb62aa-7809-4f51-a184-4906de297935,uuid:48fb62aa-7809-4f51-a184-4906de297935/actividad1[1]
Papa,si,05/06/21,cosecha, ,si,1,otro,5,30,30,8,estimado,Sin novedad,uuid:48fb62aa-7809-4f51-a184-4906de297935,uuid:48fb62aa-7809-4f51-a184-4906de297935/actividad1[2]
Papa,si,10/06/21,acarreo, ,no, , ,2,30,4,10,estimado,Se realizo con ayuda de caballos,uuid:48fb62aa-7809-4f51-a184-4906de297935,uuid:48fb62aa-7809-4f51-a184-4906de297935/actividad1[3]
Papa,si,26/07/21,acarreo, ,no, , ,4,30,1,8,estimado,Cosecha manual por el productor,uuid:b1c27d74-ea47-4cab-8da0-3545c3a300d0,uuid:b1c27d74-ea47-4cab-8da0-3545c3a300d0/actividad1[1]
Papa,si,05/07/21,cosecha, ,si,1,otro,5,30,10,6,estimado,La cosecha estuvo con poco rendimiento,uuid:3509edb7-f168-4708-8701-b5ab81a193c5,uuid:3509edb7-f168-4708-8701-b5ab81a193c5/actividad1[1]
Papa,si,06/07/21,acarreo, ,no, , ,2,25,2,4,estimado, ,uuid:3509edb7-f168-4708-8701-b5ab81a193c5,uuid:3509edb7-f168-4708-8701-b5ab81a193c5/actividad1[2]
Papa,si,20/07/21,cosecha, ,si,1,otro,4,30,12,5,estimado, ,uuid:e4399e6f-9c1d-42cc-be66-1d90ee84e6fd,uuid:e4399e6f-9c1d-42cc-be66-1d90ee84e6fd/actividad1[1]
Papa,si,22/07/21,acarreo, ,no, , ,4,25,4,5,estimado,Se realizo al hombro,uuid:e4399e6f-9c1d-42cc-be66-1d90ee84e6fd,uuid:e4399e6f-9c1d-42cc-be66-1d90ee84e6fd/actividad1[2]
Papa,si,14/07/21,cosecha, ,si,1,otro,214,30,21,8,estimado,Se realizo la cosecha en 3 dias,uuid:c1a3ae04-16a2-4182-b3b2-e631e289ad79,uuid:c1a3ae04-16a2-4182-b3b2-e631e289ad79/actividad1[1]
Papa,si,17/07/21,acarreo, ,no, , ,4,30,4,5,estimado, ,uuid:c1a3ae04-16a2-4182-b3b2-e631e289ad79,uuid:c1a3ae04-16a2-4182-b3b2-e631e289ad79/actividad1[2]
Papa,si,10/07/21,cosecha, ,si,1,otro,15,30,15,8,estimado,Se realizo la cosecha en 5 días,uuid:f7629c77-fa12-4873-926d-d034538b7e7a,uuid:f7629c77-fa12-4873-926d-d034538b7e7a/actividad1[1]
Papa,si,15/08/21,acarreo, ,no, , ,2,25,2,6,estimado, ,uuid:f7629c77-fa12-4873-926d-d034538b7e7a,uuid:f7629c77-fa12-4873-926d-d034538b7e7a/actividad1[2]
Papa,si,15/05/21,cosecha, ,si,1,otro,12,30,12,8,estimado,Duro 4 días,uuid:cffccce9-c917-43cc-b2ff-204ca5ddade5,uuid:cffccce9-c917-43cc-b2ff-204ca5ddade5/actividad1[1]
Papa,si,18/05/21,acarreo, ,no, , ,4,25,4,6,estimado,Se realizo al hombro,uuid:cffccce9-c917-43cc-b2ff-204ca5ddade5,uuid:cffccce9-c917-43cc-b2ff-204ca5ddade5/actividad1[2]
Papa,si,01/06/21,cosecha, ,si,1,otro,30,30,30,8,estimado,Duro 15 días la cosecha,uuid:1d0b9d1e-8861-4e52-ba12-66870a036c74,uuid:1d0b9d1e-8861-4e52-ba12-66870a036c74/actividad1[1]
Papa,si,15/06/21,acarreo, ,no, , ,2,25,2,4,estimado, ,uuid:1d0b9d1e-8861-4e52-ba12-66870a036c74,uuid:1d0b9d1e-8861-4e52-ba12-66870a036c74/actividad1[2]
Papa,si,10/07/21,cosecha, ,si,1,otro,18,30,18,8,estimado,Se realizó la cosecha 6 días,uuid:49e8e683-2c6d-46d9-948d-6ba53944d9d1,uuid:49e8e683-2c6d-46d9-948d-6ba53944d9d1/actividad1[1]
Papa,si,15/07/21,acarreo, ,no, , ,4,25,4,4,estimado,Se hizo uso de caballos,uuid:49e8e683-2c6d-46d9-948d-6ba53944d9d1,uuid:49e8e683-2c6d-46d9-948d-6ba53944d9d1/actividad1[2]
Papa,si,20/06/21,cosecha, ,si,1,otro,16,25,16,8,estimado,La cosecha demoró 4 dias,uuid:a290421f-27ad-4a1a-9d7e-1219aea1a24a,uuid:a290421f-27ad-4a1a-9d7e-1219aea1a24a/actividad1[1]
Papa,si,23/06/21,acarreo, ,no, , ,2,25,2,4,estimado, ,uuid:a290421f-27ad-4a1a-9d7e-1219aea1a24a,uuid:a290421f-27ad-4a1a-9d7e-1219aea1a24a/actividad1[2]
Papa,si,10/06/21,cosecha, ,si,1,otro,8,25,8,8,estimado, ,uuid:ad1d515f-ad85-4b75-afe7-581ee1f56ea9,uuid:ad1d515f-ad85-4b75-afe7-581ee1f56ea9/actividad1[1]
Papa,si,13/06/21,acarreo, ,no, , ,2,25,2,4,estimado,Se realizo al hombro,uuid:ad1d515f-ad85-4b75-afe7-581ee1f56ea9,uuid:ad1d515f-ad85-4b75-afe7-581ee1f56ea9/actividad1[2]
Papa,si,27/06/21,cosecha, ,si,1,otro,14,25,14,8,estimado,La cosecha demoró 7 días,uuid:59ae56c7-3ac7-4b58-b0ae-ded72124bb3d,uuid:59ae56c7-3ac7-4b58-b0ae-ded72124bb3d/actividad1[1]
Papa,si,04/07/21,acarreo, ,no, , ,4,25,4,3,estimado,Se realizó al hombro,uuid:59ae56c7-3ac7-4b58-b0ae-ded72124bb3d,uuid:59ae56c7-3ac7-4b58-b0ae-ded72124bb3d/actividad1[2]
Papa,si,30/07/21,acarreo, ,no, , ,8,30,5,8,estimado,La cosecha se realizó con familiares,uuid:65b006e0-fcda-4ece-990e-988808900752,uuid:65b006e0-fcda-4ece-990e-988808900752/actividad1[1]
Papa,si,14/08/21,acarreo, ,si,1,otro,8,30,2,8,estimado,Cosecha de papa por familiares,uuid:e1e7d254-1d28-499c-8853-297e0946b9ce,uuid:e1e7d254-1d28-499c-8853-297e0946b9ce/actividad1[1]
Papa,si,07/08/21,cosecha, ,si,1,otro,12,30,4,8,estimado,Cosecha realizada por la familia,uuid:cda68168-8c03-4d8d-a87a-329866ec0fce,uuid:cda68168-8c03-4d8d-a87a-329866ec0fce/actividad1[1]
Papa,si,10/08/21,cosecha, ,si,1,otro,12,25,12,6,estimado, ,uuid:985fd96a-3967-4e8f-ac91-33bee89a51d0,uuid:985fd96a-3967-4e8f-ac91-33bee89a51d0/actividad1[1]
Papa,si,12/08/21,acarreo, ,no, , ,2,25,2,4,estimado,Se realizó al hombro,uuid:985fd96a-3967-4e8f-ac91-33bee89a51d0,uuid:985fd96a-3967-4e8f-ac91-33bee89a51d0/actividad1[2]
Papa,si,02/08/21,cosecha, ,si,1,otro,14,30,14,8,estimado, ,uuid:930f7f4f-af6b-44ba-902b-50d8e15aaf42,uuid:930f7f4f-af6b-44ba-902b-50d8e15aaf42/actividad1[1]
Papa,si,04/08/21,acarreo, ,no, , ,4,30,4,6,estimado,Se hizo el traslado con caballo,uuid:930f7f4f-af6b-44ba-902b-50d8e15aaf42,uuid:930f7f4f-af6b-44ba-902b-50d8e15aaf42/actividad1[2]
Papa,si,20/07/21,cosecha, ,si,1,otro,24,30,24,8,estimado, ,uuid:bf55f966-9efe-4ec0-b804-bb330c9459b9,uuid:bf55f966-9efe-4ec0-b804-bb330c9459b9/actividad1[1]
Papa,si,22/07/21,acarreo, ,no, , ,4,30,4,6,estimado,Se hizo con ayuda de movilidad,uuid:bf55f966-9efe-4ec0-b804-bb330c9459b9,uuid:bf55f966-9efe-4ec0-b804-bb330c9459b9/actividad1[2]
Papa,si,14/07/21,cosecha, ,si,1,otro,17,30,17,8,estimado, ,uuid:2b134406-615b-42b4-bda8-5e0c79a9d22f,uuid:2b134406-615b-42b4-bda8-5e0c79a9d22f/actividad1[1]
Papa,si,16/07/21,acarreo, ,no, , ,3,25,3,4,estimado,Se hizo con ayuda de movilidad,uuid:2b134406-615b-42b4-bda8-5e0c79a9d22f,uuid:2b134406-615b-42b4-bda8-5e0c79a9d22f/actividad1[2]
Papa,si,14/08/21,cosecha, ,si,1,otro,5,30,5,8,estimado, ,uuid:a0ec4f05-0a39-473f-b5f3-ea48eb3c7293,uuid:a0ec4f05-0a39-473f-b5f3-ea48eb3c7293/actividad1[1]
Papa,si,16/08/21,acarreo, ,no, , ,2,25,2,4,estimado,Se hizo en movilidad,uuid:a0ec4f05-0a39-473f-b5f3-ea48eb3c7293,uuid:a0ec4f05-0a39-473f-b5f3-ea48eb3c7293/actividad1[2]
Papa,si,01/08/21,cosecha, ,si,1,otro,28,30,28,8,estimado,La cosecha se realizo en 7 días con 4 personas diarias,uuid:7d8fcd07-ab3b-40e0-b828-8ad5b01cb4ad,uuid:7d8fcd07-ab3b-40e0-b828-8ad5b01cb4ad/actividad1[1]
Papa,si,08/08/21,acarreo, ,no, , ,4,30,4,6,estimado,Se realizo con ayuda de movilidad,uuid:7d8fcd07-ab3b-40e0-b828-8ad5b01cb4ad,uuid:7d8fcd07-ab3b-40e0-b828-8ad5b01cb4ad/actividad1[2]
Papa,si,14/05/21,cosecha, ,si,1,otro,18,30,18,8,estimado,Se realizo la cosecha durante 6 días con 3 personas diarias,uuid:03e07f68-c999-4472-8bae-58654724b0b7,uuid:03e07f68-c999-4472-8bae-58654724b0b7/actividad1[1]
Papa,si,20/05/21,acarreo, ,no, , ,3,30,3,6,estimado,Se realizo con ayuda de acemilas,uuid:03e07f68-c999-4472-8bae-58654724b0b7,uuid:03e07f68-c999-4472-8bae-58654724b0b7/actividad1[2]
Papa,si,15/05/21,cosecha, ,si,1,otro,4,30,4,8,estimado,Se realizo la cosecha  durante dos días con dos personas,uuid:e3cfbf0d-f03e-4be1-a88f-c640d51a00df,uuid:e3cfbf0d-f03e-4be1-a88f-c640d51a00df/actividad1[1]
Papa,no,16/05/21,acarreo, ,no, , ,2,30,2,8,estimado,Se realizo al hombro,uuid:e3cfbf0d-f03e-4be1-a88f-c640d51a00df,uuid:e3cfbf0d-f03e-4be1-a88f-c640d51a00df/actividad1[2]
Papa,si,15/07/21,cosecha, ,si,1,otro,12,35,12,8,estimado,Se realizo la cosecha por 4 días con 3 personas,uuid:cf8423bb-cfbc-4458-b44a-f9b8f9f043a8,uuid:cf8423bb-cfbc-4458-b44a-f9b8f9f043a8/actividad1[1]
Papa,no,18/07/21,acarreo, ,no, , ,2,30,2,3,estimado,Se realizo con ayuda de bestias,uuid:cf8423bb-cfbc-4458-b44a-f9b8f9f043a8,uuid:cf8423bb-cfbc-4458-b44a-f9b8f9f043a8/actividad1[2]
Papa,si,15/07/21,cosecha, ,si,1,otro,9,35,9,8,estimado,Se realizo la cosecha 3 días con 3 personas,uuid:e979e200-8510-4111-9666-08559c36593b,uuid:e979e200-8510-4111-9666-08559c36593b/actividad1[1]
Papa,no,17/07/21,acarreo, ,no, , ,2,30,2,4,estimado,Se realizo con ayuda de bestias,uuid:e979e200-8510-4111-9666-08559c36593b,uuid:e979e200-8510-4111-9666-08559c36593b/actividad1[2]
Papa,si,12/05/21,cosecha, ,si,1,otro,18,30,18,6,estimado,Se realizo la cosecha durante 9 días con dos personas diarias,uuid:3ec2d650-f425-425e-a304-4404fa3b49ff,uuid:3ec2d650-f425-425e-a304-4404fa3b49ff/actividad1[1]
Papa,si,20/05/21,acarreo, ,no, , ,3,25,3,6,estimado,Se realizo con la ayuda de camioneta,uuid:3ec2d650-f425-425e-a304-4404fa3b49ff,uuid:3ec2d650-f425-425e-a304-4404fa3b49ff/actividad1[2]
Papa,si,15/04/21,cosecha, ,si,2,otro,24,30,24,7,estimado,Se realizó la cosecha durante 6 días con 4 personas diarias,uuid:ab531cf2-31f6-4c21-a299-6fbcd2a89209,uuid:ab531cf2-31f6-4c21-a299-6fbcd2a89209/actividad1[1]
Papa,si,20/04/21,acarreo, ,no, , ,6,35,6,6,estimado,Se realizo con ayuda de movilidad,uuid:ab531cf2-31f6-4c21-a299-6fbcd2a89209,uuid:ab531cf2-31f6-4c21-a299-6fbcd2a89209/actividad1[2]
Papa,si,20/07/21,cosecha, ,si,2,otro,12,35,12,8,estimado,Se realizo la cosecha con con 4 personas durante 3 días,uuid:5276dd95-325d-4281-acb2-7e5bf933ac6f,uuid:5276dd95-325d-4281-acb2-7e5bf933ac6f/actividad1[1]
Papa,si,22/07/21,acarreo, ,no, , ,3,35,3,4,estimado,Se realizo con ayuda de movilidad,uuid:5276dd95-325d-4281-acb2-7e5bf933ac6f,uuid:5276dd95-325d-4281-acb2-7e5bf933ac6f/actividad1[2]
Papa,si,10/07/21,cosecha, ,si,1,otro,10,30,10,6,estimado,Se realizo la cosecha durante 5 días con dos personas,uuid:d007849e-036f-444e-905e-20988121201a,uuid:d007849e-036f-444e-905e-20988121201a/actividad1[1]
Papa,si,28/07/21,acarreo, ,no, , ,2,25,2,2,estimado,Se realizo con ayuda de movilidad,uuid:d007849e-036f-444e-905e-20988121201a,uuid:d007849e-036f-444e-905e-20988121201a/actividad1[2]
Papa,si,05/04/21,cosecha, ,si,1,otro,24,35,24,8,estimado,Se realizo la cosecha durante 3 días con 8 personas diarias,uuid:a3ea20e3-fa9b-4b39-883c-3a7fe223da84,uuid:a3ea20e3-fa9b-4b39-883c-3a7fe223da84/actividad1[1]
Papa,si,20/04/21,acarreo, ,no, , ,6,35,6,6,estimado,Se realizo con ayuda de movilidad,uuid:a3ea20e3-fa9b-4b39-883c-3a7fe223da84,uuid:a3ea20e3-fa9b-4b39-883c-3a7fe223da84/actividad1[2]
Papa,si,08/07/21,cosecha, ,si,1,otro,12,35,12,8,estimado,Se realizo sin novedad,uuid:2caa9481-ad6b-4a3c-97de-e3c084b25c83,uuid:2caa9481-ad6b-4a3c-97de-e3c084b25c83/actividad1[1]
Papa,si,08/07/21,acarreo, ,no, , ,3,35,3,5,estimado,Se realizo con ayuda de movilidad,uuid:2caa9481-ad6b-4a3c-97de-e3c084b25c83,uuid:2caa9481-ad6b-4a3c-97de-e3c084b25c83/actividad1[2]
Papa,si,03/06/21,cosecha, ,si,2,otro,8,35,8,8,estimado,Se realizo la cosecha en 2 días con 4 personas diarias,uuid:6036ee1e-1c91-4376-8afe-45cbc4eabfdf,uuid:6036ee1e-1c91-4376-8afe-45cbc4eabfdf/actividad1[1]
Papa,si,05/07/21,acarreo, ,no, , ,2,25,2,2,estimado,Se realizo con ayuda de vehículo,uuid:6036ee1e-1c91-4376-8afe-45cbc4eabfdf,uuid:6036ee1e-1c91-4376-8afe-45cbc4eabfdf/actividad1[2]
Papa,si,10/04/21,cosecha, ,si,1,otro,12,35,12,8,estimado,Se realizo la cosecha en 3 días con 4 personas diarias,uuid:d081ce10-23a7-4dbe-aa86-7cec27cb5fac,uuid:d081ce10-23a7-4dbe-aa86-7cec27cb5fac/actividad1[1]
Papa,si,20/04/21,acarreo, ,no, , ,4,30,4,4,estimado,Se realizó con ayuda de movilidad,uuid:d081ce10-23a7-4dbe-aa86-7cec27cb5fac,uuid:d081ce10-23a7-4dbe-aa86-7cec27cb5fac/actividad1[2]
Papa,si,01/04/21,cosecha, ,si,1,otro,4,35,4,8,estimado,Se realizo la cosecha en dos días con dos personas diarias,uuid:1c135f7c-fb51-4034-94c6-9d3a9c4eddcd,uuid:1c135f7c-fb51-4034-94c6-9d3a9c4eddcd/actividad1[1]
Papa,si,08/04/21,acarreo, ,no, , ,2,30,2,2,estimado,Se realizo con ayuda de moto lineal,uuid:1c135f7c-fb51-4034-94c6-9d3a9c4eddcd,uuid:1c135f7c-fb51-4034-94c6-9d3a9c4eddcd/actividad1[2]
Papa,si,08/07/21,cosecha, ,si,1,otro,21,35,21,8,estimado,Se realizó la cosecha en 3 días don 7 personas diarias,uuid:0180dcbe-ca27-4642-9a69-2d91d3a9c304,uuid:0180dcbe-ca27-4642-9a69-2d91d3a9c304/actividad1[1]
Papa,si,24/07/21,acarreo, ,no, , ,3,35,3,5,estimado,Se realizo con ayuda de movilidad,uuid:0180dcbe-ca27-4642-9a69-2d91d3a9c304,uuid:0180dcbe-ca27-4642-9a69-2d91d3a9c304/actividad1[2]
Papa,si,27/07/21,cosecha, ,si,1,otro,20,30,20,7,estimado,Se realizo en 4 días la cosecha con 5 personas diarias,uuid:ef9f170a-c9db-4c2b-bab0-cb8017c50c9e,uuid:ef9f170a-c9db-4c2b-bab0-cb8017c50c9e/actividad1[1]
Papa,si,30/07/21,acarreo, ,no, , ,4,30,4,6,estimado,Se realizo con ayuda de movilidad,uuid:ef9f170a-c9db-4c2b-bab0-cb8017c50c9e,uuid:ef9f170a-c9db-4c2b-bab0-cb8017c50c9e/actividad1[2]
Papa,si,08/06/21,cosecha, ,si,1,otro,28,30,28,7,estimado,Se realizo en 4 días con 7 personas diarias,uuid:1e85146b-8802-4d91-8c33-71447ac5a55e,uuid:1e85146b-8802-4d91-8c33-71447ac5a55e/actividad1[1]
Papa,si,13/06/21,acarreo, ,no, , ,4,30,4,6,estimado,Se realizó con ayuda de movilidad,uuid:1e85146b-8802-4d91-8c33-71447ac5a55e,uuid:1e85146b-8802-4d91-8c33-71447ac5a55e/actividad1[2]
Papa,si,01/09/21,cosecha, ,si,2,otro,24,35,24,8,estimado,Se realizo la cosecha con 8 personas durante 3 días,uuid:1c90e5f1-f528-4fca-a287-39a917dfd537,uuid:1c90e5f1-f528-4fca-a287-39a917dfd537/actividad1[1]
Papa,si,13/09/21,acarreo, ,no, , ,3,35,3,7,estimado,Se realizo con ayuda de movilidad,uuid:1c90e5f1-f528-4fca-a287-39a917dfd537,uuid:1c90e5f1-f528-4fca-a287-39a917dfd537/actividad1[2]
Papa,si,09/07/21,cosecha, ,si,1,otro,16,30,16,8,estimado,Se realizo la cosecha con 8 personas durante 2 días,uuid:7b1785a2-1dd7-4214-8baa-b67d2506ead0,uuid:7b1785a2-1dd7-4214-8baa-b67d2506ead0/actividad1[1]
Papa,si,10/07/21,acarreo, ,no, , ,2,30,2,6,estimado,Se realizo con ayuda de movilidad,uuid:7b1785a2-1dd7-4214-8baa-b67d2506ead0,uuid:7b1785a2-1dd7-4214-8baa-b67d2506ead0/actividad1[2]
Papa,si,15/04/21,cosecha, ,si,1,otro,32,30,32,8,estimado,Se realizo con 10 personas durante 4 días,uuid:3d38cc62-4bad-473a-bf5e-aaed9fdc771a,uuid:3d38cc62-4bad-473a-bf5e-aaed9fdc771a/actividad1[1]
Papa,si,23/04/21,acarreo, ,no, , ,2,30,2,6,estimado,Se realizó con ayuda de movilidad,uuid:3d38cc62-4bad-473a-bf5e-aaed9fdc771a,uuid:3d38cc62-4bad-473a-bf5e-aaed9fdc771a/actividad1[2]
Papa,si,15/08/21,cosecha, ,si,1,otro,40,30,40,8,estimado,Se realizó con 10 personas  durante 4 días,uuid:ee306326-3b38-46a7-be35-ac83b89d917b,uuid:ee306326-3b38-46a7-be35-ac83b89d917b/actividad1[1]
Papa,no,20/08/21,acarreo, ,no, , ,4,30,4,6,estimado,Se realizó con ayuda de movilidad,uuid:ee306326-3b38-46a7-be35-ac83b89d917b,uuid:ee306326-3b38-46a7-be35-ac83b89d917b/actividad1[2]
Papa,si,15/07/21,cosecha, ,si,1,otro,21,30,21,8,estimado,Se realizo con 3 personas diarias durante 7 días,uuid:29aeaa27-23ed-4504-b62a-4652619b10d8,uuid:29aeaa27-23ed-4504-b62a-4652619b10d8/actividad1[1]
Papa,no,21/07/21,acarreo, ,no, , ,2,30,2,4,estimado,Se realizó con ayuda de movilidad,uuid:29aeaa27-23ed-4504-b62a-4652619b10d8,uuid:29aeaa27-23ed-4504-b62a-4652619b10d8/actividad1[2]
Papa,si,21/06/21,cosecha, ,si,1,otro,42,30,42,8,estimado,Se realizó con 7 personas durante 6 días,uuid:be46824e-5508-41d0-adfb-567d190f4e39,uuid:be46824e-5508-41d0-adfb-567d190f4e39/actividad1[1]
Papa,no,26/06/21,acarreo, ,no, , ,4,30,4,6,estimado,Se realizó con ayuda de movilidad,uuid:be46824e-5508-41d0-adfb-567d190f4e39,uuid:be46824e-5508-41d0-adfb-567d190f4e39/actividad1[2]
Papa,si,20/05/21,cosecha, ,si,1,otro,18,30,18,8,estimado,Se realizo la cosecha durante 6 días con 3 personas diarias,uuid:41790f7b-df08-402e-8b1e-4063c7610415,uuid:41790f7b-df08-402e-8b1e-4063c7610415/actividad1[1]
Papa,si,26/05/21,acarreo, ,no, , ,2,30,2,3,estimado,Se realizo con ayuda de movilidad,uuid:41790f7b-df08-402e-8b1e-4063c7610415,uuid:41790f7b-df08-402e-8b1e-4063c7610415/actividad1[2]
Papa,si,22/08/21,cosecha, ,si,1,otro,21,30,21,8,estimado,Se realizo la cosecha durante 7 días con 3 personas diarias,uuid:679fe9c1-a692-46cc-a8c3-e233035289da,uuid:679fe9c1-a692-46cc-a8c3-e233035289da/actividad1[1]
Papa,si,29/08/21,acarreo, ,no, , ,3,30,3,4,estimado,Se realizó con ayuda de movilidad,uuid:679fe9c1-a692-46cc-a8c3-e233035289da,uuid:679fe9c1-a692-46cc-a8c3-e233035289da/actividad1[2]
Papa,si,30/08/21,cosecha, ,si,1,otro,6,30,6,8,estimado,Esta parcela fue afectada por helada,uuid:21f8a03e-006f-4223-9d46-de9936186d23,uuid:21f8a03e-006f-4223-9d46-de9936186d23/actividad1[1]
Papa,si,30/08/21,acarreo, ,no, , ,2,30,2,4,estimado,Se realizo con ayuda de movilidad,uuid:21f8a03e-006f-4223-9d46-de9936186d23,uuid:21f8a03e-006f-4223-9d46-de9936186d23/actividad1[2]
Papa,si,01/07/21,cosecha, ,si,1,otro,90,30,2,8,estimado,Se realizó la cosecha durante 15 días con 6 personas diarias,uuid:2c5eef29-01e8-404c-8fa1-0f54d013a944,uuid:2c5eef29-01e8-404c-8fa1-0f54d013a944/actividad1[1]
Papa,si,15/08/21,acarreo, ,no, , ,8,30,8,8,estimado,Se realizo con ayuda de movilidad,uuid:2c5eef29-01e8-404c-8fa1-0f54d013a944,uuid:2c5eef29-01e8-404c-8fa1-0f54d013a944/actividad1[2]
Papa,si,25/06/21,cosecha, ,si,1,otro,9,30,9,8,estimado,Se realizo la cosecha durante 3 días con 3 personas,uuid:c5828ecc-8177-4b61-bfb2-60675f77eb8d,uuid:c5828ecc-8177-4b61-bfb2-60675f77eb8d/actividad1[1]
Papa,si,27/06/21,acarreo, ,no, , ,2,30,2,4,estimado,Se realizo con ayuda de movilidad,uuid:c5828ecc-8177-4b61-bfb2-60675f77eb8d,uuid:c5828ecc-8177-4b61-bfb2-60675f77eb8d/actividad1[2]
Papa,si,28/06/21,cosecha, ,si,1,otro,4,35,4,8,estimado,Se realizo la cosecha durante 2 días con dos personas diarias,uuid:ab1932a9-1395-4893-b0d8-5815cfdde43b,uuid:ab1932a9-1395-4893-b0d8-5815cfdde43b/actividad1[1]
Papa,si,29/06/21,acarreo, ,no, , ,2,30,2,4,estimado, ,uuid:ab1932a9-1395-4893-b0d8-5815cfdde43b,uuid:ab1932a9-1395-4893-b0d8-5815cfdde43b/actividad1[2]
Papa,si,15/08/21,cosecha, ,si,1,otro,6,35,6,8,estimado,Se realizo la cosecha durante 2 días  con 3 personas diarias,uuid:68237d2d-6c4d-4650-b12b-442f78951bdd,uuid:68237d2d-6c4d-4650-b12b-442f78951bdd/actividad1[1]
Papa,si,17/08/21,acarreo, ,no, , ,2,30,2,4,estimado, ,uuid:68237d2d-6c4d-4650-b12b-442f78951bdd,uuid:68237d2d-6c4d-4650-b12b-442f78951bdd/actividad1[2]
Papa,si,21/08/21,cosecha, ,si,1,otro,16,30,16,8,estimado,Se realizo la cosecha durante 4 días con 4 personas diarias,uuid:2ad1ada0-e5b8-4565-87f1-12f580ffe538,uuid:2ad1ada0-e5b8-4565-87f1-12f580ffe538/actividad1[1]
Papa,si,24/08/21,acarreo, ,no, , ,2,30,2,4,estimado,Se realizó con ayuda de movilidad,uuid:2ad1ada0-e5b8-4565-87f1-12f580ffe538,uuid:2ad1ada0-e5b8-4565-87f1-12f580ffe538/actividad1[2]
Papa,si,25/07/21,cosecha, ,si,2,otro,40,30,40,8,estimado,Se realizó la cosecha con 4 personas diarias durante 10 días,uuid:a28667c9-5316-4ebf-b31c-44fe42cfe39a,uuid:a28667c9-5316-4ebf-b31c-44fe42cfe39a/actividad1[1]
Papa,si,10/08/21,acarreo, ,no, , ,6,30,6,8,estimado,Se realizo con ayuda de movilidad,uuid:a28667c9-5316-4ebf-b31c-44fe42cfe39a,uuid:a28667c9-5316-4ebf-b31c-44fe42cfe39a/actividad1[2]
Papa,si,15/09/21,cosecha, ,si,1,otro,9,30,9,8,estimado,Se realizo la cosecha durante 3 días con 3 personas diarias,uuid:9697fc81-263a-455f-a792-5d851a06e418,uuid:9697fc81-263a-455f-a792-5d851a06e418/actividad1[1]
Papa,si,17/09/21,acarreo, ,no, , ,2,30,2,4,estimado,Se realizó con ayuda de movilidad,uuid:9697fc81-263a-455f-a792-5d851a06e418,uuid:9697fc81-263a-455f-a792-5d851a06e418/actividad1[2]
Papa,si,22/07/21,cosecha, ,si,1,otro,8,30,8,8,estimado, ,uuid:10c4cee7-4e2a-4d22-aaae-2ee1fe488150,uuid:10c4cee7-4e2a-4d22-aaae-2ee1fe488150/actividad1[1]
Papa,si,24/07/21,acarreo, ,no, , ,2,30,2,4,estimado, ,uuid:10c4cee7-4e2a-4d22-aaae-2ee1fe488150,uuid:10c4cee7-4e2a-4d22-aaae-2ee1fe488150/actividad1[2]
Papa,si,15/04/21,cosecha, ,si,1,otro,2,30,2,8,estimado, ,uuid:5cea03bf-ad1f-4697-99e1-e5aa7961859c,uuid:5cea03bf-ad1f-4697-99e1-e5aa7961859c/actividad1[1]
Papa,si,15/04/21,acarreo, ,no, , ,2,30,2,2,estimado, ,uuid:5cea03bf-ad1f-4697-99e1-e5aa7961859c,uuid:5cea03bf-ad1f-4697-99e1-e5aa7961859c/actividad1[2]
Papa,si,14/07/21,cosecha, ,si,1,otro,4,30,30,8,estimado, ,uuid:ff617348-7291-47e7-a8b7-3e5e2a0c33e7,uuid:ff617348-7291-47e7-a8b7-3e5e2a0c33e7/actividad1[1]
Papa,si,15/07/21,acarreo, ,no, , ,2,30,2,2,estimado, ,uuid:ff617348-7291-47e7-a8b7-3e5e2a0c33e7,uuid:ff617348-7291-47e7-a8b7-3e5e2a0c33e7/actividad1[2]
Papa,si,23/02/21,cosecha, ,si,1,otro,30,30,30,8,estimado, ,uuid:5c1100ae-21bb-41b2-b9a8-3d90ef76148f,uuid:5c1100ae-21bb-41b2-b9a8-3d90ef76148f/actividad1[1]
Papa,si,28/02/21,acarreo, ,no, , ,2,30,2,4,estimado, ,uuid:5c1100ae-21bb-41b2-b9a8-3d90ef76148f,uuid:5c1100ae-21bb-41b2-b9a8-3d90ef76148f/actividad1[2]
Papa,si,10/06/21,cosecha, ,si,1,otro,6,30,2,8,estimado,La cosecha lo realizó con su familia,uuid:d500d5fa-8153-42ef-a070-08a6a15f19f0,uuid:d500d5fa-8153-42ef-a070-08a6a15f19f0/actividad1[1]
Papa,si,08/03/21,cosecha, ,si,1,otro,4,30,3,8,estimado,Cosecha realizada por la familia,uuid:ea0a986f-c5ed-48b7-8e9d-f464fc54ccdb,uuid:ea0a986f-c5ed-48b7-8e9d-f464fc54ccdb/actividad1[1]
Papa,si,15/02/21,cosecha, ,si,1,otro,6,30,2,8,estimado,Cosecha realizada por la familia,uuid:7870be47-fb6a-47e5-be4a-5c750be4ed78,uuid:7870be47-fb6a-47e5-be4a-5c750be4ed78/actividad1[1]
Papa,si,02/08/21,cosecha, ,si,1,otro,10, ,30,8,estimado,Para esta cosecha re utilizo mingas,uuid:e82402c6-0b0f-4bae-b3e7-4259ec92c41d,uuid:e82402c6-0b0f-4bae-b3e7-4259ec92c41d/actividad1[1]
Papa,si,19/04/21,cosecha, ,si,4,otro,4,30,2,8,estimado,Cosecha realizada por la familia,uuid:fef3494a-e1c6-4246-9746-04ff3a95aa63,uuid:fef3494a-e1c6-4246-9746-04ff3a95aa63/actividad1[1]
Papa,si,01/03/21,cosecha, ,si,3,otro,5,30,2,8,estimado,Cosecha realizada por la familia,uuid:9f1931dc-7bcc-409e-b203-b46f83876bc8,uuid:9f1931dc-7bcc-409e-b203-b46f83876bc8/actividad1[1]
Papa,si,05/04/21,cosecha, ,si,4,otro,8,30,2,8,estimado,Cosecha realizada con mingas,uuid:1f7500c2-120d-443e-9558-757e8b49dd53,uuid:1f7500c2-120d-443e-9558-757e8b49dd53/actividad1[1]
Papa,si,26/04/21,cosecha, ,si,4,otro,6,30,2,8,estimado,Cosecha realizada por la familia,uuid:26745c3d-3741-4ed3-987c-d1ccfea0dd25,uuid:26745c3d-3741-4ed3-987c-d1ccfea0dd25/actividad1[1]
Papa,si,07/06/21,cosecha, ,si,1,otro,7,35,6,8,estimado,Se cosechó durante 6 días,uuid:4d7f1228-78b3-44f0-a10f-9c3287f2c336,uuid:4d7f1228-78b3-44f0-a10f-9c3287f2c336/actividad1[1]
Papa,si,12/06/21,acarreo, ,no, , ,2,35,1,4,estimado,Se realizo con ayuda de camioneta,uuid:4d7f1228-78b3-44f0-a10f-9c3287f2c336,uuid:4d7f1228-78b3-44f0-a10f-9c3287f2c336/actividad1[2]
Papa,si,15/10/21,cosecha, ,si,1,otro,1,35,7,8,estimado,Lo realizo muy a destiempo la cosecha por falta de tiempo,uuid:fe30cae3-d5ae-444f-880d-9570e991bdf3,uuid:fe30cae3-d5ae-444f-880d-9570e991bdf3/actividad1[1]
Papa,si,22/10/21,acarreo, ,no, , ,1,5,5,2,estimado,Se realizo el acarreo conforme se iba sacando,uuid:fe30cae3-d5ae-444f-880d-9570e991bdf3,uuid:fe30cae3-d5ae-444f-880d-9570e991bdf3/actividad1[2]
Papa,si,01/03/21,cosecha, ,si,1,otro,12,30,5,8,estimado,Se realizo la cosecha durante 20 días con 4 personas diarias,uuid:7996cd3e-fba3-432d-8321-7ec4d3c88d5d,uuid:7996cd3e-fba3-432d-8321-7ec4d3c88d5d/actividad1[1]
Papa,si,20/03/21,acarreo, ,no, , ,4,30,1,6,estimado,Se realizo con ayuda de vehículo,uuid:7996cd3e-fba3-432d-8321-7ec4d3c88d5d,uuid:7996cd3e-fba3-432d-8321-7ec4d3c88d5d/actividad1[2]
Papa,si,10/02/21,cosecha, ,si,1,otro,7,35,4,8,estimado,Se realizo con 7 personas diarias durante 4 días,uuid:ae595517-424d-4902-9eb5-f911844d1d64,uuid:ae595517-424d-4902-9eb5-f911844d1d64/actividad1[1]
Papa,si,24/02/21,acarreo, ,no, , ,2,15,4,2,estimado,Se paga 1.5 soles por saco y se fue realizando al final de cada jornada,uuid:ae595517-424d-4902-9eb5-f911844d1d64,uuid:ae595517-424d-4902-9eb5-f911844d1d64/actividad1[2]
Papa,si,15/02/21,cosecha, ,si,1,otro,6,35,3,8,estimado,Se realizo la cosecha durante 3 días con 6 personas diarias,uuid:8babc76b-0e19-43ed-b15d-9c533737b12e,uuid:8babc76b-0e19-43ed-b15d-9c533737b12e/actividad1[1]
Papa,si,18/02/21,acarreo, ,no, , ,2,35,1,2,estimado,Se realizo con ayuda de camioncito,uuid:8babc76b-0e19-43ed-b15d-9c533737b12e,uuid:8babc76b-0e19-43ed-b15d-9c533737b12e/actividad1[2]
Papa,si,15/07/21,cosecha, ,si,1,otro,4,35,1,8,estimado,Sin novedad,uuid:5d811faa-c9f6-47c1-b5fe-f20e50055f0e,uuid:5d811faa-c9f6-47c1-b5fe-f20e50055f0e/actividad1[1]
Papa,si,15/07/21,acarreo, ,no, , ,4,5,1,1,estimado,Se realizo al hombro terminado la cosecha,uuid:5d811faa-c9f6-47c1-b5fe-f20e50055f0e,uuid:5d811faa-c9f6-47c1-b5fe-f20e50055f0e/actividad1[2]
Papa,si,10/03/21,cosecha, ,si,1,otro,7,35,4,8,estimado,Se realizo la cosecha con 7 personas diarias durante 4 días,uuid:c544fe01-1cf6-4a06-9fc0-415002f54fe8,uuid:c544fe01-1cf6-4a06-9fc0-415002f54fe8/actividad1[1]
Papa,si,17/03/21,acarreo, ,no, , ,3,30,1,4,estimado,Sr realizo con ayuda de vehículo,uuid:c544fe01-1cf6-4a06-9fc0-415002f54fe8,uuid:c544fe01-1cf6-4a06-9fc0-415002f54fe8/actividad1[2]
Papa,si,15/03/21,cosecha, ,si,1,otro,2,20,1,2,estimado,Se realizo con ayuda de movilidad,uuid:0ef9bb36-7f8d-49a7-bfa6-618c2d08a9ca,uuid:0ef9bb36-7f8d-49a7-bfa6-618c2d08a9ca/actividad1[1]
Papa,si,10/02/21,cosecha, ,si,1,otro,12,35,5,8,estimado,Se realizó  la cosecha con 12 personas durante 5 días,uuid:e2f4eca3-a696-45de-8353-33c0b8701878,uuid:e2f4eca3-a696-45de-8353-33c0b8701878/actividad1[1]
Papa,si,25/02/21,acarreo, ,no, , ,4,25,1,4,estimado,Se realizo con ayuda de un camióncito,uuid:e2f4eca3-a696-45de-8353-33c0b8701878,uuid:e2f4eca3-a696-45de-8353-33c0b8701878/actividad1[2]
Papa,si,05/01/21,cosecha, ,si,1,otro,4,35,5,8,estimado,Sin novedad,uuid:a5dde7db-e18f-4a81-a0a1-582821525b3a,uuid:a5dde7db-e18f-4a81-a0a1-582821525b3a/actividad1[1]
Papa,si,12/01/21,acarreo, ,no, , ,2,25,1,3,estimado,Se realizo en camioneta,uuid:a5dde7db-e18f-4a81-a0a1-582821525b3a,uuid:a5dde7db-e18f-4a81-a0a1-582821525b3a/actividad1[2]
Papa,si,06/02/21,cosecha, ,si,1,otro,4,35,3,8,estimado,Sin novedad,uuid:f63e868f-5fea-4731-9c6e-5aeb9d3ee3f9,uuid:f63e868f-5fea-4731-9c6e-5aeb9d3ee3f9/actividad1[1]
Papa,si,13/02/21,acarreo, ,no, , ,2,30,1,3,estimado,Se realizo con ayuda de camioneta,uuid:f63e868f-5fea-4731-9c6e-5aeb9d3ee3f9,uuid:f63e868f-5fea-4731-9c6e-5aeb9d3ee3f9/actividad1[2]
Papa,si,15/08/21,cosecha, ,si,1,otro,8,35,1,8,estimado,Sin novedad,uuid:d63af0a9-13a0-4c77-8145-ab7c86ef7e9b,uuid:d63af0a9-13a0-4c77-8145-ab7c86ef7e9b/actividad1[1]
Papa,si,15/08/21,acarreo, ,no, , ,2,15,1,1,estimado,Se realizo el traslado con ayuda de camioneta,uuid:d63af0a9-13a0-4c77-8145-ab7c86ef7e9b,uuid:d63af0a9-13a0-4c77-8145-ab7c86ef7e9b/actividad1[2]
Papa,si,10/03/21,cosecha, ,si,1,otro,4,35,4,8,estimado,Sin novedad,uuid:83951c61-605c-4101-b3cb-ca08dd92e18f,uuid:83951c61-605c-4101-b3cb-ca08dd92e18f/actividad1[1]
Papa,si,14/03/21,acarreo, ,no, , ,2,25,1,1,estimado,Se realizo con ayuda de caballos,uuid:83951c61-605c-4101-b3cb-ca08dd92e18f,uuid:83951c61-605c-4101-b3cb-ca08dd92e18f/actividad1[2]
Papa,si,10/02/21,cosecha, ,si,1,otro,5,30,1,8,estimado, ,uuid:fd151226-d328-410f-8adb-28d1f7184edc,uuid:fd151226-d328-410f-8adb-28d1f7184edc/actividad1[1]
Papa,no,10/02/21,acarreo, ,no, , ,2,20,1,1,estimado,Se realizó al hombro a un almacén,uuid:fd151226-d328-410f-8adb-28d1f7184edc,uuid:fd151226-d328-410f-8adb-28d1f7184edc/actividad1[2]
Papa,si,25/08/21,cosecha, ,si,1,otro,12,30,3,8,estimado, ,uuid:71515233-1f7a-4a94-a7a8-a4de08e3f438,uuid:71515233-1f7a-4a94-a7a8-a4de08e3f438/actividad1[1]
Papa,si,27/08/21,acarreo, ,no, , ,4,25,1,4,estimado,Se realizo el traslado con ayuda de movilidad,uuid:71515233-1f7a-4a94-a7a8-a4de08e3f438,uuid:71515233-1f7a-4a94-a7a8-a4de08e3f438/actividad1[2]
Papa,si,01/08/21,cosecha, ,si,1,otro,8,25,5,8,estimado,Se realizo la cosecha con 8 personas diarias por 5 días,uuid:63c99e5d-ec2c-4f89-bc90-0a92b8123377,uuid:63c99e5d-ec2c-4f89-bc90-0a92b8123377/actividad1[1]
Papa,si,15/08/21,acarreo, ,no, , ,3,25,1,2,estimado,Se realizo con ayuda de movilidad,uuid:63c99e5d-ec2c-4f89-bc90-0a92b8123377,uuid:63c99e5d-ec2c-4f89-bc90-0a92b8123377/actividad1[2]
Papa,si,05/08/21,cosecha, ,si,1,otro,4,25,5,8,estimado, ,uuid:7b79b686-a86a-472f-8bff-2b97f5d1aafa,uuid:7b79b686-a86a-472f-8bff-2b97f5d1aafa/actividad1[1]
Papa,si,12/08/21,acarreo, ,no, , ,2,25,1,2,estimado,Se realizo con ayuda de movilidad,uuid:7b79b686-a86a-472f-8bff-2b97f5d1aafa,uuid:7b79b686-a86a-472f-8bff-2b97f5d1aafa/actividad1[2]
Papa,si,10/08/21,cosecha, ,si,1,otro,3,25,1,8,estimado, ,uuid:c360f435-c884-42cd-9e27-4c7328075eb9,uuid:c360f435-c884-42cd-9e27-4c7328075eb9/actividad1[1]
Papa,si,10/03/21,cosecha, ,si,1,otro,6,35,5,8,estimado, ,uuid:f565a4d0-ed83-4f75-9af5-fa3a10f7954b,uuid:f565a4d0-ed83-4f75-9af5-fa3a10f7954b/actividad1[1]
Papa,si,15/03/21,acarreo, ,no, , ,4,20,1,4,estimado,Se realizo con ayuda de  movilidad,uuid:f565a4d0-ed83-4f75-9af5-fa3a10f7954b,uuid:f565a4d0-ed83-4f75-9af5-fa3a10f7954b/actividad1[2]
Papa,si,05/03/21,cosecha, ,si,1,otro,10,35,5,8,estimado,Sin novedad,uuid:d5e9c1ed-17d6-4342-93bd-5d53eec8e061,uuid:d5e9c1ed-17d6-4342-93bd-5d53eec8e061/actividad1[1]
Papa,si,25/03/21,acarreo, ,no, , ,4,25,1,5,estimado,Se realizo con ayuda de vehículo,uuid:d5e9c1ed-17d6-4342-93bd-5d53eec8e061,uuid:d5e9c1ed-17d6-4342-93bd-5d53eec8e061/actividad1[2]
Papa,si,20/04/21,cosecha, ,si,1,otro,8,35,4,8,estimado, ,uuid:d374bbdf-88e6-423f-8526-283c57bf3035,uuid:d374bbdf-88e6-423f-8526-283c57bf3035/actividad1[1]
Papa,si,28/04/21,acarreo, ,no, , ,4,25,1,5,estimado,Se realizo con ayuda de vehículo,uuid:d374bbdf-88e6-423f-8526-283c57bf3035,uuid:d374bbdf-88e6-423f-8526-283c57bf3035/actividad1[2]
Papa,si,20/02/21,cosecha, ,si,1,otro,2,35,3,8,estimado, ,uuid:222ca44d-a367-4e2b-a258-6d9b6d2068be,uuid:222ca44d-a367-4e2b-a258-6d9b6d2068be/actividad1[1]
Papa,si,23/02/21,acarreo, ,no, , ,2,20,1,4,estimado,Se realizo el traslado a caballo,uuid:222ca44d-a367-4e2b-a258-6d9b6d2068be,uuid:222ca44d-a367-4e2b-a258-6d9b6d2068be/actividad1[2]
Papa,si,01/05/21,cosecha, ,si,1,otro,24,30,14,8,estimado,Cosecha realizada con jornales,uuid:82ee673a-f37d-4ecc-9a89-90aa2e6c7f8f,uuid:82ee673a-f37d-4ecc-9a89-90aa2e6c7f8f/actividad1[1]
Papa,si,10/07/21,cosecha, ,si,1,otro,14,30,8,0,estimado, ,uuid:e224e191-9b70-4b0e-8155-8bca81162e93,uuid:e224e191-9b70-4b0e-8155-8bca81162e93/actividad1[1]
Papa,si,10/05/21,cosecha, ,no, , ,20,30,13,8,estimado,Cosecha realizada con jornales,uuid:94a4afe0-879e-4a94-8954-fb55f56380af,uuid:94a4afe0-879e-4a94-8954-fb55f56380af/actividad1[1]
Papa,si,02/02/21,cosecha, ,no, , ,50,35,46,8,estimado,Cosecha realizada con jornales,uuid:d1ceeb0d-474c-4a80-9f8e-4c0778d39aca,uuid:d1ceeb0d-474c-4a80-9f8e-4c0778d39aca/actividad1[1]
Papa,si,02/02/21,cosecha, ,no, , ,20,30,12,8,estimado,Cosecha realizada con jornales,uuid:ef7ef800-f5ab-4a08-936b-f1cd786225d8,uuid:ef7ef800-f5ab-4a08-936b-f1cd786225d8/actividad1[1]
Papa,si,20/07/21,cosecha, ,no, , ,2,30,30,8,estimado,Cosecha realizada por la productora,uuid:b5cee76e-8a0f-4c22-ab2b-cecc30a92c4d,uuid:b5cee76e-8a0f-4c22-ab2b-cecc30a92c4d/actividad1[1]
Papa,si,15/03/21,cosecha, ,no, , ,20,30,6,8,estimado,Cosecha realizada con jornales,uuid:3d25e553-4c81-492c-998e-979c0e1f8397,uuid:3d25e553-4c81-492c-998e-979c0e1f8397/actividad1[1]
Papa,si,15/03/21,cosecha, ,no, , ,3,30,30,8,estimado,Cosecha realizada por el productor,uuid:b80bb393-ee00-4ad2-8ce9-ed84a600b345,uuid:b80bb393-ee00-4ad2-8ce9-ed84a600b345/actividad1[1]
Papa,si,05/04/21,cosecha, ,no, , ,10,30,10,8,estimado,Cosecha realizada con jornales,uuid:1789a317-6826-4c1e-8b7d-3359e2c779e0,uuid:1789a317-6826-4c1e-8b7d-3359e2c779e0/actividad1[1]
Papa,si,10/03/21,cosecha, ,no, , ,15,30,14,0,estimado,Cosecha realizada con jornales,uuid:1a99cc6a-1a88-4bee-aac9-797725c51741,uuid:1a99cc6a-1a88-4bee-aac9-797725c51741/actividad1[1]
Papa,si,10/03/21,cosecha, ,no, , ,25,30,5,8,estimado,Cosecha realizada con jornales,uuid:2bf1613b-839a-4c02-ae6b-371c74b93c91,uuid:2bf1613b-839a-4c02-ae6b-371c74b93c91/actividad1[1]
Papa,si,10/03/21,cosecha, ,si,1,otro,4,30,3,8,estimado,Sin novedad,uuid:95f6c0c6-b426-4af7-9fa9-470d7caada8d,uuid:95f6c0c6-b426-4af7-9fa9-470d7caada8d/actividad1[1]
Papa,si,12/03/21,acarreo, ,no, , ,2,25,1,2,estimado,Se realizo con ayuda de camioneta,uuid:95f6c0c6-b426-4af7-9fa9-470d7caada8d,uuid:95f6c0c6-b426-4af7-9fa9-470d7caada8d/actividad1[2]
Papa,si,28/06/21,cosecha, ,si,1,otro,3,30,1,8,estimado, ,uuid:dad8c878-ea2c-4341-b7ce-b83519e694f9,uuid:dad8c878-ea2c-4341-b7ce-b83519e694f9/actividad1[1]
Papa,si,28/06/21,acarreo, ,no, , ,3,20,1,2,estimado,Se paga 1.5 soles por saco para cargar la movilidad,uuid:dad8c878-ea2c-4341-b7ce-b83519e694f9,uuid:dad8c878-ea2c-4341-b7ce-b83519e694f9/actividad1[2]
Papa,si,05/03/21,cosecha, ,si,1,otro,7, ,10,8,estimado,Cosecha realizada por familia,uuid:1cf824d6-012f-4edc-8181-6b25b1c7e26e,uuid:1cf824d6-012f-4edc-8181-6b25b1c7e26e/actividad1[1]
Papa,si,04/02/21,cosecha, ,si,1,otro,6,30,7,8,estimado,Cosecha realizada por familiares,uuid:9ac6ab82-ed5f-4c10-80c0-7e24394c1025,uuid:9ac6ab82-ed5f-4c10-80c0-7e24394c1025/actividad1[1]
Papa,si,05/03/21,cosecha, ,si,1,otro,4,30,6,8,estimado,Cosecha realizada por la familia,uuid:bce060ec-49a7-44b8-9b99-a94dde44af6a,uuid:bce060ec-49a7-44b8-9b99-a94dde44af6a/actividad1[1]
Papa,si,04/04/21,cosecha, ,si,1,otro,3,30,4,8,estimado,Cosecha realizada por la familia,uuid:6f1e8606-5d69-4001-9a86-a1b952f52e63,uuid:6f1e8606-5d69-4001-9a86-a1b952f52e63/actividad1[1]
Papa,si,01/04/21,cosecha, ,si,1,otro,5,30,10,8,estimado,Cosecha realizada por familiares,uuid:33d24dbc-685c-4168-9e42-8c39a8814926,uuid:33d24dbc-685c-4168-9e42-8c39a8814926/actividad1[1]
Papa,si,02/05/21,cosecha, ,si,1,otro,8,30,8,8,estimado,Cosecha realizada por familiares,uuid:3a52a4f7-e1e3-4c55-89f2-1dfd6ec13311,uuid:3a52a4f7-e1e3-4c55-89f2-1dfd6ec13311/actividad1[1]
Papa,si,02/02/21,cosecha, ,si,1,otro,7,25,7,8,estimado,Cosecha realizada por familiares,uuid:b7d35d23-9895-4f38-94c8-f6f93b1182d6,uuid:b7d35d23-9895-4f38-94c8-f6f93b1182d6/actividad1[1]
Papa,si,01/04/21,cosecha, ,si,1,otro,6,30,6,8,estimado,Cosecha realizada por la familia,uuid:914eef04-4406-46cd-892e-b924fabc47a8,uuid:914eef04-4406-46cd-892e-b924fabc47a8/actividad1[1]
Papa,si,01/03/21,cosecha, ,si,1,otro,5,35,6,8,estimado,Cosecha realizada por familiares,uuid:dc3d2da6-1bf1-49d0-9f14-4fe9bad474a4,uuid:dc3d2da6-1bf1-49d0-9f14-4fe9bad474a4/actividad1[1]
Papa,si,15/08/21,cosecha, ,si,1,otro,4,30,5,8,estimado,Se realizo la cosecha con 4 personas diarias durante 5 días,uuid:7396b837-f747-4da7-981c-37717c57ad66,uuid:7396b837-f747-4da7-981c-37717c57ad66/actividad1[1]
Papa,si,21/08/21,acarreo, ,no,1,otro,3,30,1,4,estimado,Se realizo con ayuda de movilidad,uuid:7396b837-f747-4da7-981c-37717c57ad66,uuid:7396b837-f747-4da7-981c-37717c57ad66/actividad1[2]
Papa,si,10/02/21,cosecha,,si,1,otro,2,30,5,8,estimado,el acarreo se realizo terminado la cosecha despues de cada jornada,uuid:967ebbc0-56a6-47b8-8c32-97d81191f542,uuid:967ebbc0-56a6-47b8-8c32-97d81191f542
Papa,si,12/03/21,cosecha,,si,1,otro,2,30,4,8,estimado,el acarreo se realizo terminado la cosecha despues de cada jornada,uuid:e590dd2b-7ed1-4bc2-8705-fd8d5a695c91,uuid:e590dd2b-7ed1-4bc2-8705-fd8d5a695c91
Papa,si,12/07/21,cosecha,,si,1,otro,5,30,3,8,estimado,el acarreo se realizo terminado la cosecha despues de cada jornada,uuid:d26e336e-2268-4b13-a774-ce8691b0bef6,uuid:d26e336e-2268-4b13-a774-ce8691b0bef6
Papa,si,10/08/21,cosecha, ,si,1,otro,6,30,4,8,estimado,El acarreo se realizo con ayuda de movilidad,uuid:b0c15cf4-c60a-435f-a3d9-738356fbb2b9,uuid:b0c15cf4-c60a-435f-a3d9-738356fbb2b9/actividad1[1]
Papa,si,15/09/21,cosecha, ,si,1,otro,3,35,3,8,estimado,El acarreo se realizo con ayuda de movilidad,uuid:19caee45-e661-4d3a-bb36-4385137b4b33,uuid:19caee45-e661-4d3a-bb36-4385137b4b33/actividad1[1]
Papa,si,10/09/21,cosecha,,si,1,otro,4,35,2,8,estimado,El acarreo se realizo con ayuda de movilidad,uuid:d990249f-6f89-433f-b039-c18c05dce134,uuid:d990249f-6f89-433f-b039-c18c05dce134
Papa,si,18/08/21,cosecha,,si,1,otro,6,35,4,8,estimado,El acarreo se realizo con ayuda de movilidad,uuid:a0ba8781-4a9a-4ab0-aa4a-eac7a05d1ddf,uuid:a0ba8781-4a9a-4ab0-aa4a-eac7a05d1ddf
Papa,si,10/10/21,cosecha,,si,1,otro,4,35,5,8,estimado,El acarreo se realizo con ayuda de movilidad,uuid:f9e86ea6-5b19-4d7f-8066-695d290680ae,uuid:f9e86ea6-5b19-4d7f-8066-695d290680ae
Papa,si,10/08/21,cosecha,,si,1,otro,6,35,4,8,estimado,El acarreo se realizo con ayuda de movilidad,uuid:f38c13bc-dd5d-4753-8441-871c3624cbd0,uuid:f38c13bc-dd5d-4753-8441-871c3624cbd0
Papa,si,18/09/21,cosecha,,si,1,otro,5,35,3,8,estimado,El acarreo se realizo con ayuda de movilidad,uuid:07d86b1b-e7fa-489c-ab5b-b6787f3dedda,uuid:07d86b1b-e7fa-489c-ab5b-b6787f3dedda
Papa,si,25/08/21,cosecha,,si,1,otro,4,35,4,8,estimado,El acarreo se realizo con ayuda de movilidad,uuid:fec820b3-7d2a-4ac8-815b-727a6bcae109,uuid:fec820b3-7d2a-4ac8-815b-727a6bcae109
Papa,si,22/03/21,cosecha,,si,1,otro,6,35,4,8,estimado,El acarreo se realizo con ayuda de movilidad,uuid:f24d3608-2877-46bd-8c2b-2019527db65c,uuid:f24d3608-2877-46bd-8c2b-2019527db65c
Papa,si,12/02/22,cosecha, ,si,1,otro,12,30,1,6,estimado,Cosecha,uuid:78c6dd43-554e-4046-9e6f-624c09ea95ae,uuid:78c6dd43-554e-4046-9e6f-624c09ea95ae/actividad1[1]
Papa,si,12/02/22,cosecha, ,si,1,otro,12,30,1,6,estimado,Cosecha,uuid:78c6dd43-554e-4046-9e6f-624c09ea95ae,uuid:78c6dd43-554e-4046-9e6f-624c09ea95ae/actividad1[2]
Papa,si,10/08/21,cosecha, ,si, ,otro,3,30,3,8,pagado, ,uuid:fd6a795b-0461-4093-9bc0-f94360aea5df,uuid:fd6a795b-0461-4093-9bc0-f94360aea5df/actividad1[1]
Papa, , ,cosecha, ,si, ,otro,1, , , ,estimado, ,uuid:fd6a795b-0461-4093-9bc0-f94360aea5df,uuid:fd6a795b-0461-4093-9bc0-f94360aea5df/actividad1[2]
Papa,si,16/12/21,corte_follaje, ,si, ,machete,6,40,6,8,estimado,La cosecha se inició el día de hoy y se planea terminar el día 23 de Diciembre,uuid:f2c9e9f5-9a73-4dc8-85c9-a83bd9acb91f,uuid:f2c9e9f5-9a73-4dc8-85c9-a83bd9acb91f/actividad1[1]
Papa,si,05/05/22,cosecha, ,si,1,otro,2,40,3,8,estimado,Cosecha,uuid:fcd36bb9-511b-415f-ac37-23c9dd1cfa49,uuid:fcd36bb9-511b-415f-ac37-23c9dd1cfa49/actividad1[1]
Papa,si,05/05/22,acarreo, ,no, , ,1,40,1,4,estimado,Traslado del producto a almacén.,uuid:fcd36bb9-511b-415f-ac37-23c9dd1cfa49,uuid:fcd36bb9-511b-415f-ac37-23c9dd1cfa49/actividad1[2]
Papa,si,06/02/23,cosecha, ,si,1,otro,1,50,2,8,estimado,Cose cha papa,uuid:450845f2-4006-4abe-a86c-262cb3b72da3,uuid:450845f2-4006-4abe-a86c-262cb3b72da3/actividad1[1]
